state,year, population ,male,female,ratio
Jammu & Kashmir,1901,"2,139,362","1,136,766","1,002,596",0.881972191
Jammu & Kashmir,1911,"2,292,535","1,222,305","1,070,230",0.875583426
Jammu & Kashmir,1921,"2,424,359","1,296,205","1,128,154",0.870351526
Jammu & Kashmir,1931,"2,670,208","1,431,801","1,238,407",0.864929554
Jammu & Kashmir,1941,"2,946,728","1,577,021","1,369,707",0.868540749
Jammu & Kashmir,1951,"3,253,852","1,736,827","1,517,025",0.873446233
Jammu & Kashmir,1961,"3,560,976","1,896,633","1,664,343",0.877525067
Jammu & Kashmir,1971,"4,616,632","2,458,315","2,158,317",0.877966005
Jammu & Kashmir,1981,"5,987,389","3,164,660","2,822,729",0.891953322
Jammu & Kashmir,1991,"7,837,051","4,142,082","3,694,969",0.892055976
Jammu & Kashmir,2001,"10,143,700","5,360,926","4,782,774",0.892154452
Jammu & Kashmir,2011,"12,541,302","6,640,662","5,900,640",0.888562014
Himachal Pradesh,1901,"1,920,294","1,019,069","901,225",0.884361118
Himachal Pradesh,1911,"1,896,944","1,004,183","892,761",0.889042137
Himachal Pradesh,1921,"1,928,206","1,020,201","908,005",0.890025593
Himachal Pradesh,1931,"2,029,113","1,069,540","959,573",0.897182901
Himachal Pradesh,1941,"2,263,245","1,197,620","1,065,625",0.889785575
Himachal Pradesh,1951,"2,385,981","1,247,826","1,138,155",0.912110342
Himachal Pradesh,1961,"2,812,463","1,451,334","1,361,129",0.937846836
Himachal Pradesh,1971,"3,460,434","1,766,957","1,693,477",0.958414381
Himachal Pradesh,1981,"4,280,818","2,169,931","2,110,887",0.972789918
Himachal Pradesh,1991,"5,170,877","2,617,467","2,553,410",0.975527103
Himachal Pradesh,2001,"6,077,900","3,087,940","2,989,960",0.968270109
Himachal Pradesh,2011,"6,864,602","3,481,873","3,382,729",0.97152567
Punjab,1901,"7,544,790","4,118,386","3,426,404",0.831977381
Punjab,1911,"6,731,510","3,782,236","2,949,274",0.779769956
Punjab,1921,"7,152,811","3,976,180","3,176,631",0.798915291
Punjab,1931,"8,012,325","4,415,292","3,597,033",0.81467613
Punjab,1941,"9,600,236","5,228,280","4,371,956",0.836213057
Punjab,1951,"9,160,500","4,968,206","4,192,294",0.843824511
Punjab,1961,"11,135,069","6,007,566","5,127,503",0.85350756
Punjab,1971,"13,551,060","7,266,515","6,284,545",0.864863693
Punjab,1981,"16,788,915","8,937,210","7,851,705",0.878540954
Punjab,1991,"20,281,969","10,778,034","9,503,935",0.881787439
Punjab,2001,"24,358,999","12,985,045","11,373,954",0.875927192
Punjab,2011,"27,743,338","14,639,465","13,103,873",0.895106003
Chandigarh,1901,"21,967","12,402","9,565",0.771246573
Chandigarh,1911,"18,437","10,717","7,720",0.720350844
Chandigarh,1921,"18,133","10,405","7,728",0.742719846
Chandigarh,1931,"19,783","11,300","8,483",0.750707965
Chandigarh,1941,"22,574","12,807","9,767",0.762629812
Chandigarh,1951,"24,261","13,623","10,638",0.780885268
Chandigarh,1961,"119,881","72,576","47,305",0.651799493
Chandigarh,1971,"257,251","147,080","110,171",0.749054936
Chandigarh,1981,"451,610","255,278","196,332",0.769090952
Chandigarh,1991,"642,015","358,614","283,401",0.79026753
Chandigarh,2001,"900,635","506,938","393,697",0.776617653
Chandigarh,2011,"1,055,450","580,663","474,787",0.817663602
Uttarakhand,1901,"1,979,866","1,032,166","947,700",0.918166264
Uttarakhand,1911,"2,142,258","1,123,165","1,019,093",0.907340417
Uttarakhand,1921,"2,115,984","1,104,586","1,011,398",0.91563536
Uttarakhand,1931,"2,301,019","1,202,594","1,098,425",0.913379744
Uttarakhand,1941,"2,614,540","1,371,233","1,243,307",0.906707321
Uttarakhand,1951,"2,945,929","1,518,844","1,427,085",0.939586291
Uttarakhand,1961,"3,610,938","1,854,269","1,756,669",0.947364703
Uttarakhand,1971,"4,492,724","2,315,453","2,177,271",0.940321829
Uttarakhand,1981,"5,725,972","2,957,847","2,768,125",0.935858075
Uttarakhand,1991,"7,050,634","3,640,895","3,409,739",0.936511215
Uttarakhand,2001,"8,489,349","4,325,924","4,163,425",0.962436002
Uttarakhand,2011,"10,086,292","5,137,773","4,948,519",0.963164196
Haryana,1901,"4,623,064","2,476,390","2,146,674",0.86685619
Haryana,1911,"4,174,677","2,274,909","1,899,768",0.835096261
Haryana,1921,"4,255,892","2,307,985","1,947,907",0.843985988
Haryana,1931,"4,559,917","2,473,228","2,086,689",0.843710729
Haryana,1941,"5,272,829","2,821,783","2,451,046",0.868616049
Haryana,1951,"5,673,597","3,031,612","2,641,985",0.871478606
Haryana,1961,"7,590,524","4,062,787","3,527,737",0.868304688
Haryana,1971,"10,036,431","5,377,044","4,659,387",0.866533173
Haryana,1981,"12,922,119","6,909,679","6,012,440",0.870147513
Haryana,1991,"16,463,648","8,827,474","7,636,174",0.865046331
Haryana,2001,"21,144,564","11,363,953","9,780,611",0.860669786
Haryana,2011,"25,351,462","13,494,734","11,856,728",0.878618875
NCT OF Delhi,1901,"405,819","217,921","187,898",0.862229891
NCT OF Delhi,1911,"413,851","230,865","182,986",0.7926104
NCT OF Delhi,1921,"488,452","281,777","206,675",0.733470084
NCT OF Delhi,1931,"636,246","369,497","266,749",0.721924671
NCT OF Delhi,1941,"917,939","535,236","382,703",0.715017301
NCT OF Delhi,1951,"1,744,072","986,538","757,534",0.76787108
NCT OF Delhi,1961,"2,658,612","1,489,378","1,169,234",0.785048524
NCT OF Delhi,1971,"4,065,698","2,257,515","1,808,183",0.800961677
NCT OF Delhi,1981,"6,220,406","3,440,081","2,780,325",0.808214981
NCT OF Delhi,1991,"9,420,644","5,155,512","4,265,132",0.827295524
NCT OF Delhi,2001,"13,850,507","7,607,234","6,243,273",0.820702111
NCT OF Delhi,2011,"16,787,941","8,987,326","7,800,615",0.867957277
Rajasthan,1901,"10,294,090","5,403,989","4,890,101",0.904905802
Rajasthan,1911,"10,983,509","5,756,206","5,227,303",0.90811604
Rajasthan,1921,"10,292,648","5,429,378","4,863,270",0.895732439
Rajasthan,1931,"11,747,974","6,160,610","5,587,364",0.906949799
Rajasthan,1941,"13,863,859","7,274,679","6,589,180",0.905769176
Rajasthan,1951,"15,970,774","8,313,883","7,656,891",0.920976516
Rajasthan,1961,"20,155,602","10,564,082","9,591,520",0.907936913
Rajasthan,1971,"25,765,806","13,484,383","12,281,423",0.910788651
Rajasthan,1981,"34,261,862","17,854,154","16,407,708",0.918985464
Rajasthan,1991,"44,005,990","23,042,780","20,963,210",0.909751775
Rajasthan,2001,"56,507,188","29,420,011","27,087,177",0.920705876
Rajasthan,2011,"68,548,437","35,550,997","32,997,440",0.928172
Uttar Pradesh,1901,"46,647,804","24,066,836","22,580,968",0.938260767
Uttar Pradesh,1911,"46,012,663","24,021,001","21,991,662",0.915518133
Uttar Pradesh,1921,"44,556,427","23,347,896","21,208,531",0.908370116
Uttar Pradesh,1931,"47,478,533","24,945,773","22,532,760",0.903269664
Uttar Pradesh,1941,"53,920,630","28,269,504","25,651,126",0.907378
Uttar Pradesh,1951,"60,273,743","31,581,889","28,691,854",0.908490749
Uttar Pradesh,1961,"70,143,635","36,784,048","33,359,587",0.906903639
Uttar Pradesh,1971,"83,848,797","44,701,182","39,147,615",0.875762413
Uttar Pradesh,1981,"105,136,540","55,861,688","49,274,852",0.8820867
Uttar Pradesh,1991,"132,061,653","70,396,062","61,665,591",0.875980691
Uttar Pradesh,2001,"166,197,921","87,565,369","78,632,552",0.897986874
Uttar Pradesh,2011,"199,812,341","104,480,510","95,331,831",0.912436501
Bihar,1901,"21,243,632","10,308,300","10,935,332",1.060827877
Bihar,1911,"21,567,159","10,516,050","11,051,109",1.050880226
Bihar,1921,"21,358,905","10,573,105","10,785,800",1.020116607
Bihar,1931,"23,438,371","11,748,053","11,690,318",0.995085569
Bihar,1941,"26,302,771","13,138,759","13,164,012",1.001922023
Bihar,1951,"29,085,017","14,545,921","14,539,096",0.999530796
Bihar,1961,"34,840,968","17,375,442","17,465,526",1.005184559
Bihar,1971,"42,126,236","21,530,724","20,595,512",0.956563839
Bihar,1981,"52,302,665","26,850,116","25,452,549",0.947949312
Bihar,1991,"64,530,554","33,838,238","30,692,316",0.907030561
Bihar,2001,"82,998,509","43,243,795","39,754,714",0.919316031
Bihar,2011,"104,099,452","54,278,157","49,821,295",0.91788848
Sikkim,1901,"59,014","30,795","28,219",0.916350057
Sikkim,1911,"87,920","45,059","42,861",0.951219512
Sikkim,1921,"81,721","41,492","40,229",0.969560397
Sikkim,1931,"109,808","55,825","53,983",0.96700403
Sikkim,1941,"121,520","63,289","58,231",0.920080899
Sikkim,1951,"137,725","72,210","65,515",0.90728431
Sikkim,1961,"162,189","85,193","76,996",0.903783175
Sikkim,1971,"209,843","112,662","97,181",0.862588983
Sikkim,1981,"316,385","172,440","143,945",0.834754117
Sikkim,1991,"406,457","216,427","190,030",0.878032778
Sikkim,2001,"540,851","288,484","252,367",0.874804149
Sikkim,2011,"610,577","323,070","287,507",0.889921689
Arunachal Pradesh,1901,N.A,N.A.,N.A.,#VALUE!
Arunachal Pradesh,1911,N.A,N.A.,N.A.,#VALUE!
Arunachal Pradesh,1921,N.A,N.A.,N.A.,#VALUE!
Arunachal Pradesh,1931,N.A,N.A.,N.A.,#VALUE!
Arunachal Pradesh,1941,N.A,N.A.,N.A.,#VALUE!
Arunachal Pradesh,1951,N.A,N.A.,N.A.,#VALUE!
Arunachal Pradesh,1961,"336,558","177,680","158,878",0.894180549
Arunachal Pradesh,1971,"467,511","251,231","216,280",0.860881022
Arunachal Pradesh,1981,"631,839","339,322","292,517",0.862063173
Arunachal Pradesh,1991,"864,558","465,004","399,554",0.859248523
Arunachal Pradesh,2001,"1,097,968","579,941","518,027",0.893240864
Arunachal Pradesh,2011,"1,383,727","713,912","669,815",0.938231883
Nagaland,1901,"101,550","51,473","50,077",0.972878985
Nagaland,1911,"149,038","74,796","74,242",0.992593187
Nagaland,1921,"158,801","79,738","79,063",0.991534776
Nagaland,1931,"178,844","89,536","89,308",0.997453538
Nagaland,1941,"189,641","93,831","95,810",1.021091111
Nagaland,1951,"212,975","106,551","106,424",0.998808083
Nagaland,1961,"369,200","191,027","178,173",0.932711083
Nagaland,1971,"516,449","276,084","240,365",0.870622709
Nagaland,1981,"774,930","415,910","359,020",0.8632156
Nagaland,1991,"1,209,546","641,282","568,264",0.886137456
Nagaland,2001,"1,990,036","1,047,141","942,895",0.900447027
Nagaland,2011,"1,978,502","1,024,649","953,853",0.930907072
Manipur,1901,"284,465","139,632","144,833",1.037247909
Manipur,1911,"346,222","170,666","175,556",1.028652456
Manipur,1921,"384,016","188,119","195,897",1.041346169
Manipur,1931,"445,606","215,815","229,791",1.064759169
Manipur,1941,"512,069","249,183","262,886",1.054991713
Manipur,1951,"577,635","283,685","293,950",1.0361845
Manipur,1961,"780,037","387,058","392,979",1.015297449
Manipur,1971,"1,072,753","541,675","531,078",0.980436609
Manipur,1981,"1,420,953","721,006","699,947",0.970792199
Manipur,1991,"1,837,149","938,359","898,790",0.957831704
Manipur,2001,"2,293,896","1,161,952","1,131,944",0.974174493
Manipur,2011,"2,855,794","1,438,586","1,417,208",0.985139575
Mizoram,1901,"82,434","39,004","43,430",1.113475541
Mizoram,1911,"91,204","43,028","48,176",1.119643023
Mizoram,1921,"98,406","46,652","51,754",1.109362943
Mizoram,1931,"124,404","59,186","65,218",1.101915994
Mizoram,1941,"152,786","73,855","78,931",1.068729267
Mizoram,1951,"196,202","96,136","100,066",1.040879587
Mizoram,1961,"266,063","132,465","133,598",1.008553203
Mizoram,1971,"332,390","170,824","161,566",0.945803868
Mizoram,1981,"493,757","257,239","236,518",0.919448451
Mizoram,1991,"689,756","358,978","330,778",0.921443654
Mizoram,2001,"888,573","459,109","429,464",0.935429277
Mizoram,2011,"1,097,206","555,339","541,867",0.975740944
Tripura,1901,"173,325","92,495","80,830",0.873885075
Tripura,1911,"229,613","121,820","107,793",0.884854704
Tripura,1921,"304,437","161,515","142,922",0.884883757
Tripura,1931,"382,450","202,932","179,518",0.88462145
Tripura,1941,"513,010","272,025","240,985",0.885892841
Tripura,1951,"639,029","335,589","303,440",0.90420127
Tripura,1961,"1,142,005","591,237","550,768",0.931551983
Tripura,1971,"1,556,342","801,126","755,216",0.942693159
Tripura,1981,"2,053,058","1,054,846","998,212",0.946310646
Tripura,1991,"2,757,205","1,417,930","1,339,275",0.944528291
Tripura,2001,"3,199,203","1,642,225","1,556,978",0.948090548
Tripura,2011,"3,673,917","1,874,376","1,799,541",0.960074713
Meghalaya,1901,"340,524","167,256","173,268",1.035944899
Meghalaya,1911,"394,005","195,706","198,299",1.013249466
Meghalaya,1921,"422,403","211,216","211,187",0.9998627
Meghalaya,1931,"480,837","243,993","236,844",0.970699979
Meghalaya,1941,"555,820","282,666","273,154",0.966348977
Meghalaya,1951,"605,674","310,706","294,968",0.949347615
Meghalaya,1961,"769,380","397,288","372,092",0.936580012
Meghalaya,1971,"1,011,699","520,967","490,732",0.941963694
Meghalaya,1981,"1,335,819","683,710","652,109",0.953780111
Meghalaya,1991,"1,774,778","907,687","867,091",0.955275332
Meghalaya,2001,"2,318,822","1,176,087","1,142,735",0.971641554
Meghalaya,2011,"2,966,889","1,491,832","1,475,057",0.988755436
Assam,1901,"3,289,680","1,714,316","1,575,364",0.918946099
Assam,1911,"3,848,617","2,010,211","1,838,406",0.914533847
Assam,1921,"4,636,980","2,445,300","2,191,680",0.896282665
Assam,1931,"5,560,371","2,966,568","2,593,803",0.874344697
Assam,1941,"6,694,790","3,569,762","3,125,028",0.875416344
Assam,1951,"8,028,856","4,298,773","3,730,083",0.867708762
Assam,1961,"10,837,329","5,798,376","5,038,953",0.869028328
Assam,1971,"14,625,152","7,714,240","6,910,912",0.895864272
Assam,1981,"18,041,248","9,444,037","8,597,211",0.910332202
Assam,1991,"22,414,322","11,657,989","10,756,333",0.922657673
Assam,2001,"26,655,528","13,777,037","12,878,491",0.934779445
Assam,2011,"31,205,576","15,939,443","15,266,133",0.957758248
West Bengal,1901,"16,940,088","8,708,978","8,231,110",0.945129268
West Bengal,1911,"17,998,769","9,349,419","8,649,350",0.925121657
West Bengal,1921,"17,474,348","9,173,148","8,301,200",0.904945609
West Bengal,1931,"18,897,036","9,997,035","8,900,001",0.890264063
West Bengal,1941,"23,229,552","12,545,269","10,684,283",0.851658342
West Bengal,1951,"26,299,980","14,105,519","12,194,461",0.864517002
West Bengal,1961,"34,926,279","18,599,144","16,327,135",0.877843357
West Bengal,1971,"44,312,011","23,435,987","20,876,024",0.890767861
West Bengal,1981,"54,580,647","28,560,901","26,019,746",0.911026791
West Bengal,1991,"68,077,965","35,510,633","32,567,332",0.917114939
West Bengal,2001,"80,176,197","41,465,985","38,710,212",0.933541359
West Bengal,2011,"91,276,115","46,809,027","44,467,088",0.949968219
Jharkhand,1901,"6,068,233","2,985,966","3,082,267",1.032251204
Jharkhand,1911,"6,747,122","3,338,629","3,408,493",1.020925955
Jharkhand,1921,"6,767,770","3,380,905","3,386,865",1.001762842
Jharkhand,1931,"7,908,737","3,976,450","3,932,287",0.988893863
Jharkhand,1941,"8,868,069","4,483,780","4,384,289",0.97781091
Jharkhand,1951,"9,697,254","4,944,043","4,753,211",0.96140163
Jharkhand,1961,"11,606,489","5,921,901","5,684,588",0.959926213
Jharkhand,1971,"14,227,133","7,316,220","6,910,913",0.944601584
Jharkhand,1981,"17,612,069","9,080,444","8,531,625",0.939560334
Jharkhand,1991,"21,843,911","11,363,853","10,480,058",0.922227523
Jharkhand,2001,"26,945,829","13,885,037","13,060,792",0.940637897
Jharkhand,2011,"32,988,134","16,930,315","16,057,819",0.94846546
Odisha,1901,"10,302,917","5,058,100","5,244,817",1.036914454
Odisha,1911,"11,378,875","5,535,632","5,843,243",1.055569265
Odisha,1921,"11,158,586","5,350,227","5,808,359",1.085628516
Odisha,1931,"12,491,056","6,042,255","6,448,801",1.06728382
Odisha,1941,"13,767,988","6,706,487","7,061,501",1.052935911
Odisha,1951,"14,645,946","7,242,892","7,403,054",1.02211299
Odisha,1961,"17,548,846","8,770,586","8,778,260",1.00087497
Odisha,1971,"21,944,615","11,041,083","10,903,532",0.987541892
Odisha,1981,"26,370,271","13,309,786","13,060,485",0.981269346
Odisha,1991,"31,659,736","16,064,146","15,595,590",0.970832187
Odisha,2001,"36,804,660","18,660,570","18,144,090",0.972322389
Odisha,2011,"41,974,218","21,212,136","20,762,082",0.978783183
Chhattisgarh,1901,"4,181,554","2,043,375","2,138,179",1.046395791
Chhattisgarh,1911,"5,191,583","2,545,887","2,645,696",1.039204018
Chhattisgarh,1921,"5,264,976","2,579,793","2,685,183",1.040852115
Chhattisgarh,1931,"6,028,778","2,951,046","3,077,732",1.042929185
Chhattisgarh,1941,"6,814,886","3,354,378","3,460,508",1.031639249
Chhattisgarh,1951,"7,456,706","3,683,282","3,773,424",1.024473282
Chhattisgarh,1961,"9,154,498","4,558,098","4,596,400",1.008403066
Chhattisgarh,1971,"11,637,494","5,825,084","5,812,410",0.997824237
Chhattisgarh,1981,"14,010,337","7,019,698","6,990,639",0.995860363
Chhattisgarh,1991,"17,614,928","8,872,620","8,742,308",0.985313019
Chhattisgarh,2001,"20,833,803","10,474,218","10,359,585",0.989055698
Chhattisgarh,2011,"25,545,198","12,832,895","12,712,303",0.9906029
Madhya Pradesh,1901,"12,679,214","6,429,374","6,249,840",0.972075975
Madhya Pradesh,1911,"14,249,382","7,245,404","7,003,978",0.966678739
Madhya Pradesh,1921,"13,906,774","7,133,621","6,773,153",0.949469141
Madhya Pradesh,1931,"15,326,879","7,871,541","7,455,338",0.947125601
Madhya Pradesh,1941,"17,175,722","8,825,634","8,350,088",0.946117639
Madhya Pradesh,1951,"18,614,931","9,571,722","9,043,209",0.944783917
Madhya Pradesh,1961,"23,217,910","12,020,106","11,197,804",0.931589455
Madhya Pradesh,1971,"30,016,625","15,630,250","14,386,375",0.920418739
Madhya Pradesh,1981,"38,168,507","19,866,607","18,301,900",0.921239344
Madhya Pradesh,1991,"48,566,242","25,394,673","23,171,569",0.912457861
Madhya Pradesh,2001,"60,348,023","31,443,652","28,904,371",0.919243445
Madhya Pradesh,2011,"72,626,809","37,612,306","35,014,503",0.9309321
Gujarat,1901,"9,094,748","4,654,875","4,439,873",0.953811434
Gujarat,1911,"9,803,587","5,037,852","4,765,735",0.945985511
Gujarat,1921,"10,174,989","5,233,462","4,941,527",0.944217614
Gujarat,1931,"11,489,828","5,906,646","5,583,182",0.94523728
Gujarat,1941,"13,701,551","7,060,352","6,641,199",0.940632847
Gujarat,1951,"16,262,657","8,331,922","7,930,735",0.951849405
Gujarat,1961,"20,633,350","10,633,902","9,999,448",0.94033667
Gujarat,1971,"26,697,475","13,802,494","12,894,981",0.934250071
Gujarat,1981,"34,085,799","17,552,640","16,533,159",0.941918652
Gujarat,1991,"41,309,582","21,355,209","19,954,373",0.934403077
Gujarat,2001,"50,671,017","26,385,577","24,285,440",0.920405872
Gujarat,2011,"60,439,692","31,491,260","28,948,432",0.919252897
Daman & Diu ,1901,"32,005","16,046","15,959",0.994578088
Daman & Diu ,1911,"32,470","15,919","16,551",1.039700986
Daman & Diu ,1921,"31,410","14,659","16,751",1.142710963
Daman & Diu ,1931,"36,429","17,445","18,984",1.08822012
Daman & Diu ,1941,"42,811","20,584","22,227",1.079819277
Daman & Diu ,1951,"48,611","22,874","25,737",1.125163942
Daman & Diu ,1961,"36,670","16,909","19,761",1.168667573
Daman & Diu ,1971,"62,651","29,852","32,799",1.098720354
Daman & Diu ,1981,"78,981","38,298","40,683",1.062274792
Daman & Diu ,1991,"101,586","51,595","49,991",0.968911716
Daman & Diu ,2001,"158,204","92,512","65,692",0.710091664
Daman & Diu ,2011,"243,247","150,301","92,946",0.618399079
Dadra & Nagar Haveli,1901,"24,280","12,386","11,894",0.960277733
Dadra & Nagar Haveli,1911,"29,020","14,754","14,266",0.966924224
Dadra & Nagar Haveli,1921,"31,048","16,008","15,040",0.939530235
Dadra & Nagar Haveli,1931,"38,260","20,017","18,243",0.911375331
Dadra & Nagar Haveli,1941,"40,441","21,009","19,432",0.924936932
Dadra & Nagar Haveli,1951,"41,532","21,345","20,187",0.945748419
Dadra & Nagar Haveli,1961,"57,963","29,524","28,439",0.963250237
Dadra & Nagar Haveli,1971,"74,170","36,964","37,206",1.006546911
Dadra & Nagar Haveli,1981,"103,676","52,515","51,161",0.97421689
Dadra & Nagar Haveli,1991,"138,477","70,953","67,524",0.951672234
Dadra & Nagar Haveli,2001,"220,490","121,666","98,824",0.812256506
Dadra & Nagar Haveli,2011,"343,709","193,760","149,949",0.77389038
Maharashtra,1901,"19,391,643","9,802,129","9,589,514",0.978309304
Maharashtra,1911,"21,474,523","10,922,671","10,551,852",0.96605052
Maharashtra,1921,"20,849,666","10,692,865","10,156,801",0.949867131
Maharashtra,1931,"23,959,300","12,305,958","11,653,342",0.946967477
Maharashtra,1941,"26,832,758","13,769,460","13,063,298",0.948715345
Maharashtra,1951,"32,002,564","16,490,039","15,512,525",0.940720941
Maharashtra,1961,"39,553,718","20,428,882","19,124,836",0.936166551
Maharashtra,1971,"50,412,235","26,116,351","24,295,884",0.930293976
Maharashtra,1981,"62,782,818","32,414,432","30,368,386",0.936878548
Maharashtra,1991,"78,937,187","40,825,618","38,111,569",0.933520933
Maharashtra,2001,"96,878,627","50,400,596","46,478,031",0.92217225
Maharashtra,2011,"112,374,333","58,243,056","54,131,277",0.929403103
Andhra Pradesh ,1901,"19,065,921","9,607,091","9,458,830",0.984567545
Andhra Pradesh ,1911,"21,447,412","10,769,322","10,678,090",0.991528529
Andhra Pradesh ,1921,"21,420,448","10,749,220","10,671,228",0.992744404
Andhra Pradesh ,1931,"24,203,573","12,183,673","12,019,900",0.986557994
Andhra Pradesh ,1941,"27,289,340","13,782,365","13,506,975",0.980018669
Andhra Pradesh ,1951,"31,115,259","15,670,565","15,444,694",0.985586289
Andhra Pradesh ,1961,"35,983,447","18,161,671","17,821,776",0.981285037
Andhra Pradesh ,1971,"43,502,708","22,008,663","21,494,045",0.97661748
Andhra Pradesh ,1981,"53,551,026","27,109,616","26,441,410",0.975351698
Andhra Pradesh ,1991,"66,508,008","33,724,581","32,783,427",0.972092937
Andhra Pradesh ,2001,"76,210,007","38,527,413","37,682,594",0.978072262
Andhra Pradesh ,2011,"84,580,777","42,442,146","42,138,631",0.992848736
Karnataka,1901,"13,054,754","6,582,105","6,472,649",0.983370669
Karnataka,1911,"13,525,251","6,827,801","6,697,450",0.980908787
Karnataka,1921,"13,377,599","6,793,718","6,583,881",0.969113084
Karnataka,1931,"14,632,992","7,445,458","7,187,534",0.965358209
Karnataka,1941,"16,255,368","8,294,043","7,961,325",0.959884703
Karnataka,1951,"19,401,956","9,866,923","9,535,033",0.966363374
Karnataka,1961,"23,586,772","12,040,923","11,545,849",0.958884049
Karnataka,1971,"29,299,014","14,971,900","14,327,114",0.956933589
Karnataka,1981,"37,135,714","18,922,627","18,213,087",0.962503092
Karnataka,1991,"44,977,201","22,951,917","22,025,284",0.959627207
Karnataka,2001,"52,850,562","26,898,918","25,951,644",0.964783937
Karnataka,2011,"61,095,297","30,966,657","30,128,640",0.972938086
Goa,1901,"475,513","227,393","248,120",1.091150563
Goa,1911,"486,752","230,923","255,829",1.107854133
Goa,1921,"469,494","221,429","248,065",1.12029138
Goa,1931,"505,281","241,936","263,345",1.088490345
Goa,1941,"540,925","259,591","281,334",1.083758682
Goa,1951,"547,448","257,267","290,181",1.127937124
Goa,1961,"589,997","285,625","304,372",1.065635011
Goa,1971,"795,120","401,362","393,758",0.981054509
Goa,1981,"1,007,749","510,152","497,597",0.975389688
Goa,1991,"1,169,793","594,790","575,003",0.966732796
Goa,2001,"1,347,668","687,248","660,420",0.960963146
Goa,2011,"1,458,545","739,140","719,405",0.973300051
Lakshadweep,1901,"13,882","6,728","7,154",1.063317479
Lakshadweep,1911,"14,555","7,325","7,230",0.987030717
Lakshadweep,1921,"13,637","6,727","6,910",1.027203806
Lakshadweep,1931,"16,040","8,045","7,995",0.99378496
Lakshadweep,1941,"18,355","9,096","9,259",1.017919965
Lakshadweep,1951,"21,035","10,295","10,740",1.043224866
Lakshadweep,1961,"24,108","11,935","12,173",1.019941349
Lakshadweep,1971,"31,810","16,078","15,732",0.97847991
Lakshadweep,1981,"40,249","20,377","19,872",0.975217157
Lakshadweep,1991,"51,707","26,618","25,089",0.942557668
Lakshadweep,2001,"60,650","31,131","29,519",0.948218817
Lakshadweep,2011,"64,473","33,123","31,350",0.94647224
Kerala,1901,"6,396,262","3,191,466","3,204,796",1.004176764
Kerala,1911,"7,147,673","3,559,425","3,588,248",1.008097656
Kerala,1921,"7,802,127","3,879,458","3,922,669",1.011138412
Kerala,1931,"9,507,050","4,702,951","4,804,099",1.021507347
Kerala,1941,"11,031,541","5,443,296","5,588,245",1.026628903
Kerala,1951,"13,549,118","6,681,901","6,867,217",1.027734024
Kerala,1961,"16,903,715","8,361,927","8,541,788",1.021509516
Kerala,1971,"21,347,375","10,587,851","10,759,524",1.01621415
Kerala,1981,"25,453,680","12,527,767","12,925,913",1.031781083
Kerala,1991,"29,098,518","14,288,995","14,809,523",1.036428594
Kerala,2001,"31,841,374","15,468,614","16,372,760",1.058450356
Kerala,2011,"33,406,061","16,027,412","17,378,649",1.084307872
Tamil Nadu,1901,"19,252,630","9,419,398","9,833,232",1.04393423
Tamil Nadu,1911,"20,902,616","10,236,951","10,665,665",1.041879071
Tamil Nadu,1921,"21,628,518","10,659,489","10,969,029",1.029038915
Tamil Nadu,1931,"23,472,099","11,577,988","11,894,111",1.027303794
Tamil Nadu,1941,"26,267,507","13,056,967","13,210,540",1.011761767
Tamil Nadu,1951,"30,119,047","15,003,724","15,115,323",1.007438087
Tamil Nadu,1961,"33,686,953","16,910,978","16,775,975",0.992016843
Tamil Nadu,1971,"41,199,168","20,828,021","20,371,147",0.978064455
Tamil Nadu,1981,"48,408,077","24,487,624","23,920,453",0.976838463
Tamil Nadu,1991,"55,858,946","28,298,975","27,559,971",0.973885839
Tamil Nadu,2001,"62,405,679","31,400,909","31,004,770",0.987384473
Tamil Nadu,2011,"72,147,030","36,137,975","36,009,055",0.996432562
Puducherry,1901,"246,354",    N.A,    N.A,#VALUE!
Puducherry,1911,"257,179","124,961","132,218",1.058074119
Puducherry,1921,"244,156","118,953","125,203",1.05254176
Puducherry,1931,"258,628",      N.A ,      N.A ,#VALUE!
Puducherry,1941,"285,011",      N.A ,      N.A ,#VALUE!
Puducherry,1951,"317,253","156,275","160,978",1.030094385
Puducherry,1961,"369,079","183,347","185,732",1.013008121
Puducherry,1971,"471,707","237,112","234,595",0.989384763
Puducherry,1981,"604,471","304,561","299,910",0.984728839
Puducherry,1991,"807,785","408,081","399,704",0.979472213
Puducherry,2001,"974,345","486,961","487,384",1.000868653
Puducherry,2011,"1,247,953","612,511","635,442",1.037437695
Andaman & Nicobar Islands,1901,"24,649","18,695","5,954",0.318480877
Andaman & Nicobar Islands,1911,"26,459","19,570","6,889",0.352018396
Andaman & Nicobar Islands,1921,"27,086","20,793","6,293",0.30264993
Andaman & Nicobar Islands,1931,"29,463","19,702","9,761",0.495431936
Andaman & Nicobar Islands,1941,"33,768","21,458","12,310",0.573678814
Andaman & Nicobar Islands,1951,"30,971","19,055","11,916",0.625347678
Andaman & Nicobar Islands,1961,"63,548","39,304","24,244",0.616832892
Andaman & Nicobar Islands,1971,"115,133","70,027","45,106",0.644122981
Andaman & Nicobar Islands,1981,"188,741","107,261","81,480",0.759642368
Andaman & Nicobar Islands,1991,"280,661","154,369","126,292",0.818117627
Andaman & Nicobar Islands,2001,"356,152","192,972","163,180",0.845614908
Andaman & Nicobar Islands,2011,"380,581","202,871","177,710",0.875975374
